station,target_date,issue_date,lead_days,temp_min_c,temp_avg_c_approx,temp_max_c,precip_mm,pressure_hpa,wind_kmh,source
Longyearbyen_Svalbard_DEMO,2026-08-01,2026-08-01,0,2.9000000000000004,4.4,5.9,0.0,1010.0,10.0,prognoza
Longyearbyen_Svalbard_DEMO,2026-08-01,2026-08-01,0,2.9000000000000004,4.4,7.4,0.0,1010.0,10.0,archiwum_openmeteo
Longyearbyen_Svalbard_DEMO,2026-08-02,2026-08-01,1,1.7000000000000002,3.2,4.7,0.0,1010.0,10.0,prognoza
Longyearbyen_Svalbard_DEMO,2026-08-02,2026-08-02,0,1.7000000000000002,3.2,5.6,0.0,1010.0,10.0,archiwum_openmeteo
Longyearbyen_Svalbard_DEMO,2026-08-03,2026-08-01,2,3.2,4.7,6.2,0.0,1010.0,10.0,prognoza
Longyearbyen_Svalbard_DEMO,2026-08-03,2026-08-03,0,3.2,4.7,6.3,0.0,1010.0,10.0,archiwum_openmeteo
Longyearbyen_Svalbard_DEMO,2026-08-04,2026-08-01,3,1.2999999999999998,2.8,4.3,0.0,1010.0,10.0,prognoza
Longyearbyen_Svalbard_DEMO,2026-08-04,2026-08-04,0,1.2999999999999998,2.8,3.7,0.0,1010.0,10.0,archiwum_openmeteo
Longyearbyen_Svalbard_DEMO,2026-08-05,2026-08-01,4,2.3,3.8,5.3,0.0,1010.0,10.0,prognoza
Longyearbyen_Svalbard_DEMO,2026-08-05,2026-08-05,0,2.3,3.8,5.3,0.0,1010.0,10.0,archiwum_openmeteo
Longyearbyen_Svalbard_DEMO,2026-08-06,2026-08-01,5,2.5,4.0,5.5,0.0,1010.0,10.0,prognoza
Longyearbyen_Svalbard_DEMO,2026-08-06,2026-08-06,0,2.5,4.0,5.0,0.0,1010.0,10.0,archiwum_openmeteo
Longyearbyen_Svalbard_DEMO,2026-08-07,2026-08-01,6,1.0999999999999996,2.5999999999999996,4.1,0.0,1010.0,10.0,prognoza
Longyearbyen_Svalbard_DEMO,2026-08-07,2026-08-07,0,1.0999999999999996,2.5999999999999996,3.4,0.0,1010.0,10.0,archiwum_openmeteo
Longyearbyen_Svalbard_DEMO,2026-08-02,2026-08-02,0,2.5999999999999996,4.1,5.6,0.0,1010.0,10.0,prognoza
Longyearbyen_Svalbard_DEMO,2026-08-02,2026-08-02,0,2.5999999999999996,4.1,7.4,0.0,1010.0,10.0,archiwum_openmeteo
Longyearbyen_Svalbard_DEMO,2026-08-03,2026-08-02,1,1.7000000000000002,3.2,4.7,0.0,1010.0,10.0,prognoza
Longyearbyen_Svalbard_DEMO,2026-08-03,2026-08-03,0,1.7000000000000002,3.2,4.9,0.0,1010.0,10.0,archiwum_openmeteo
Longyearbyen_Svalbard_DEMO,2026-08-04,2026-08-02,2,1.0,2.5,4.0,0.0,1010.0,10.0,prognoza
Longyearbyen_Svalbard_DEMO,2026-08-04,2026-08-04,0,1.0,2.5,4.1,0.0,1010.0,10.0,archiwum_openmeteo
Longyearbyen_Svalbard_DEMO,2026-08-05,2026-08-02,3,3.4000000000000004,4.9,6.4,0.0,1010.0,10.0,prognoza
Longyearbyen_Svalbard_DEMO,2026-08-05,2026-08-05,0,3.4000000000000004,4.9,6.5,0.0,1010.0,10.0,archiwum_openmeteo
Longyearbyen_Svalbard_DEMO,2026-08-06,2026-08-02,4,1.5,3.0,4.5,0.0,1010.0,10.0,prognoza
Longyearbyen_Svalbard_DEMO,2026-08-06,2026-08-06,0,1.5,3.0,3.9,0.0,1010.0,10.0,archiwum_openmeteo
Longyearbyen_Svalbard_DEMO,2026-08-07,2026-08-02,5,3.9000000000000004,5.4,6.9,0.0,1010.0,10.0,prognoza
Longyearbyen_Svalbard_DEMO,2026-08-07,2026-08-07,0,3.9000000000000004,5.4,6.2,0.0,1010.0,10.0,archiwum_openmeteo
Longyearbyen_Svalbard_DEMO,2026-08-08,2026-08-02,6,1.2999999999999998,2.8,4.3,0.0,1010.0,10.0,prognoza
Longyearbyen_Svalbard_DEMO,2026-08-08,2026-08-08,0,1.2999999999999998,2.8,3.5,0.0,1010.0,10.0,archiwum_openmeteo
Longyearbyen_Svalbard_DEMO,2026-08-03,2026-08-03,0,3.5,5.0,6.5,0.0,1010.0,10.0,prognoza
Longyearbyen_Svalbard_DEMO,2026-08-03,2026-08-03,0,3.5,5.0,7.2,0.0,1010.0,10.0,archiwum_openmeteo
Longyearbyen_Svalbard_DEMO,2026-08-04,2026-08-03,1,3.2,4.7,6.2,0.0,1010.0,10.0,prognoza
Longyearbyen_Svalbard_DEMO,2026-08-04,2026-08-04,0,3.2,4.7,6.6,0.0,1010.0,10.0,archiwum_openmeteo
Longyearbyen_Svalbard_DEMO,2026-08-05,2026-08-03,2,2.5999999999999996,4.1,5.6,0.0,1010.0,10.0,prognoza
Longyearbyen_Svalbard_DEMO,2026-08-05,2026-08-05,0,2.5999999999999996,4.1,6.5,0.0,1010.0,10.0,archiwum_openmeteo
Longyearbyen_Svalbard_DEMO,2026-08-06,2026-08-03,3,2.7,4.2,5.7,0.0,1010.0,10.0,prognoza
Longyearbyen_Svalbard_DEMO,2026-08-06,2026-08-06,0,2.7,4.2,5.7,0.0,1010.0,10.0,archiwum_openmeteo
Longyearbyen_Svalbard_DEMO,2026-08-07,2026-08-03,4,3.5,5.0,6.5,0.0,1010.0,10.0,prognoza
Longyearbyen_Svalbard_DEMO,2026-08-07,2026-08-07,0,3.5,5.0,5.7,0.0,1010.0,10.0,archiwum_openmeteo
Longyearbyen_Svalbard_DEMO,2026-08-08,2026-08-03,5,2.7,4.2,5.7,0.0,1010.0,10.0,prognoza
Longyearbyen_Svalbard_DEMO,2026-08-08,2026-08-08,0,2.7,4.2,4.6,0.0,1010.0,10.0,archiwum_openmeteo
Longyearbyen_Svalbard_DEMO,2026-08-09,2026-08-03,6,3.0999999999999996,4.6,6.1,0.0,1010.0,10.0,prognoza
Longyearbyen_Svalbard_DEMO,2026-08-09,2026-08-09,0,3.0999999999999996,4.6,5.5,0.0,1010.0,10.0,archiwum_openmeteo
Longyearbyen_Svalbard_DEMO,2026-08-04,2026-08-04,0,1.9000000000000004,3.4000000000000004,4.9,0.0,1010.0,10.0,prognoza
Longyearbyen_Svalbard_DEMO,2026-08-04,2026-08-04,0,1.9000000000000004,3.4000000000000004,6.1,0.0,1010.0,10.0,archiwum_openmeteo
Longyearbyen_Svalbard_DEMO,2026-08-05,2026-08-04,1,1.2000000000000002,2.7,4.2,0.0,1010.0,10.0,prognoza
Longyearbyen_Svalbard_DEMO,2026-08-05,2026-08-05,0,1.2000000000000002,2.7,5.1,0.0,1010.0,10.0,archiwum_openmeteo
Longyearbyen_Svalbard_DEMO,2026-08-06,2026-08-04,2,1.7999999999999998,3.3,4.8,0.0,1010.0,10.0,prognoza
Longyearbyen_Svalbard_DEMO,2026-08-06,2026-08-06,0,1.7999999999999998,3.3,5.5,0.0,1010.0,10.0,archiwum_openmeteo
Longyearbyen_Svalbard_DEMO,2026-08-07,2026-08-04,3,2.9000000000000004,4.4,5.9,0.0,1010.0,10.0,prognoza
Longyearbyen_Svalbard_DEMO,2026-08-07,2026-08-07,0,2.9000000000000004,4.4,5.8,0.0,1010.0,10.0,archiwum_openmeteo
Longyearbyen_Svalbard_DEMO,2026-08-08,2026-08-04,4,1.5999999999999996,3.0999999999999996,4.6,0.0,1010.0,10.0,prognoza
Longyearbyen_Svalbard_DEMO,2026-08-08,2026-08-08,0,1.5999999999999996,3.0999999999999996,4.7,0.0,1010.0,10.0,archiwum_openmeteo
Longyearbyen_Svalbard_DEMO,2026-08-09,2026-08-04,5,1.7999999999999998,3.3,4.8,0.0,1010.0,10.0,prognoza
Longyearbyen_Svalbard_DEMO,2026-08-09,2026-08-09,0,1.7999999999999998,3.3,4.8,0.0,1010.0,10.0,archiwum_openmeteo
Longyearbyen_Svalbard_DEMO,2026-08-10,2026-08-04,6,2.8,4.3,5.8,0.0,1010.0,10.0,prognoza
Longyearbyen_Svalbard_DEMO,2026-08-10,2026-08-10,0,2.8,4.3,4.7,0.0,1010.0,10.0,archiwum_openmeteo
Longyearbyen_Svalbard_DEMO,2026-08-05,2026-08-05,0,1.5,3.0,4.5,0.0,1010.0,10.0,prognoza
Longyearbyen_Svalbard_DEMO,2026-08-05,2026-08-05,0,1.5,3.0,5.7,0.0,1010.0,10.0,archiwum_openmeteo
Longyearbyen_Svalbard_DEMO,2026-08-06,2026-08-05,1,2.0999999999999996,3.5999999999999996,5.1,0.0,1010.0,10.0,prognoza
Longyearbyen_Svalbard_DEMO,2026-08-06,2026-08-06,0,2.0999999999999996,3.5999999999999996,5.8,0.0,1010.0,10.0,archiwum_openmeteo
Longyearbyen_Svalbard_DEMO,2026-08-07,2026-08-05,2,4.0,5.5,7.0,0.0,1010.0,10.0,prognoza
Longyearbyen_Svalbard_DEMO,2026-08-07,2026-08-07,0,4.0,5.5,7.1,0.0,1010.0,10.0,archiwum_openmeteo
Longyearbyen_Svalbard_DEMO,2026-08-08,2026-08-05,3,3.0999999999999996,4.6,6.1,0.0,1010.0,10.0,prognoza
Longyearbyen_Svalbard_DEMO,2026-08-08,2026-08-08,0,3.0999999999999996,4.6,5.8,0.0,1010.0,10.0,archiwum_openmeteo
Longyearbyen_Svalbard_DEMO,2026-08-09,2026-08-05,4,3.5,5.0,6.5,0.0,1010.0,10.0,prognoza
Longyearbyen_Svalbard_DEMO,2026-08-09,2026-08-09,0,3.5,5.0,6.4,0.0,1010.0,10.0,archiwum_openmeteo
Longyearbyen_Svalbard_DEMO,2026-08-10,2026-08-05,5,1.0999999999999996,2.5999999999999996,4.1,0.0,1010.0,10.0,prognoza
Longyearbyen_Svalbard_DEMO,2026-08-10,2026-08-10,0,1.0999999999999996,2.5999999999999996,3.3,0.0,1010.0,10.0,archiwum_openmeteo
Longyearbyen_Svalbard_DEMO,2026-08-11,2026-08-05,6,1.9000000000000004,3.4000000000000004,4.9,0.0,1010.0,10.0,prognoza
Longyearbyen_Svalbard_DEMO,2026-08-11,2026-08-11,0,1.9000000000000004,3.4000000000000004,4.0,0.0,1010.0,10.0,archiwum_openmeteo
Longyearbyen_Svalbard_DEMO,2026-08-06,2026-08-06,0,3.8,5.3,6.8,0.0,1010.0,10.0,prognoza
Longyearbyen_Svalbard_DEMO,2026-08-06,2026-08-06,0,3.8,5.3,8.3,0.0,1010.0,10.0,archiwum_openmeteo
Longyearbyen_Svalbard_DEMO,2026-08-07,2026-08-06,1,3.5999999999999996,5.1,6.6,0.0,1010.0,10.0,prognoza
Longyearbyen_Svalbard_DEMO,2026-08-07,2026-08-07,0,3.5999999999999996,5.1,7.2,0.0,1010.0,10.0,archiwum_openmeteo
Longyearbyen_Svalbard_DEMO,2026-08-08,2026-08-06,2,2.2,3.7,5.2,0.0,1010.0,10.0,prognoza
Longyearbyen_Svalbard_DEMO,2026-08-08,2026-08-08,0,2.2,3.7,6.2,0.0,1010.0,10.0,archiwum_openmeteo
Longyearbyen_Svalbard_DEMO,2026-08-09,2026-08-06,3,3.7,5.2,6.7,0.0,1010.0,10.0,prognoza
Longyearbyen_Svalbard_DEMO,2026-08-09,2026-08-09,0,3.7,5.2,6.6,0.0,1010.0,10.0,archiwum_openmeteo
Longyearbyen_Svalbard_DEMO,2026-08-10,2026-08-06,4,1.7000000000000002,3.2,4.7,0.0,1010.0,10.0,prognoza
Longyearbyen_Svalbard_DEMO,2026-08-10,2026-08-10,0,1.7000000000000002,3.2,4.6,0.0,1010.0,10.0,archiwum_openmeteo
Longyearbyen_Svalbard_DEMO,2026-08-11,2026-08-06,5,2.7,4.2,5.7,0.0,1010.0,10.0,prognoza
Longyearbyen_Svalbard_DEMO,2026-08-11,2026-08-11,0,2.7,4.2,5.1,0.0,1010.0,10.0,archiwum_openmeteo
Longyearbyen_Svalbard_DEMO,2026-08-12,2026-08-06,6,3.7,5.2,6.7,0.0,1010.0,10.0,prognoza
Longyearbyen_Svalbard_DEMO,2026-08-12,2026-08-12,0,3.7,5.2,6.3,0.0,1010.0,10.0,archiwum_openmeteo
Longyearbyen_Svalbard_DEMO,2026-08-07,2026-08-07,0,2.2,3.7,5.2,0.0,1010.0,10.0,prognoza
Longyearbyen_Svalbard_DEMO,2026-08-07,2026-08-07,0,2.2,3.7,6.7,0.0,1010.0,10.0,archiwum_openmeteo
Longyearbyen_Svalbard_DEMO,2026-08-08,2026-08-07,1,2.5,4.0,5.5,0.0,1010.0,10.0,prognoza
Longyearbyen_Svalbard_DEMO,2026-08-08,2026-08-08,0,2.5,4.0,7.7,0.0,1010.0,10.0,archiwum_openmeteo
Longyearbyen_Svalbard_DEMO,2026-08-09,2026-08-07,2,1.2999999999999998,2.8,4.3,0.0,1010.0,10.0,prognoza
Longyearbyen_Svalbard_DEMO,2026-08-09,2026-08-09,0,1.2999999999999998,2.8,5.0,0.0,1010.0,10.0,archiwum_openmeteo
Longyearbyen_Svalbard_DEMO,2026-08-10,2026-08-07,3,2.9000000000000004,4.4,5.9,0.0,1010.0,10.0,prognoza
Longyearbyen_Svalbard_DEMO,2026-08-10,2026-08-10,0,2.9000000000000004,4.4,6.1,0.0,1010.0,10.0,archiwum_openmeteo
Longyearbyen_Svalbard_DEMO,2026-08-11,2026-08-07,4,3.4000000000000004,4.9,6.4,0.0,1010.0,10.0,prognoza
Longyearbyen_Svalbard_DEMO,2026-08-11,2026-08-11,0,3.4000000000000004,4.9,6.0,0.0,1010.0,10.0,archiwum_openmeteo
Longyearbyen_Svalbard_DEMO,2026-08-12,2026-08-07,5,2.0999999999999996,3.5999999999999996,5.1,0.0,1010.0,10.0,prognoza
Longyearbyen_Svalbard_DEMO,2026-08-12,2026-08-12,0,2.0999999999999996,3.5999999999999996,4.7,0.0,1010.0,10.0,archiwum_openmeteo
Longyearbyen_Svalbard_DEMO,2026-08-13,2026-08-07,6,4.0,5.5,7.0,0.0,1010.0,10.0,prognoza
Longyearbyen_Svalbard_DEMO,2026-08-13,2026-08-13,0,4.0,5.5,5.0,0.0,1010.0,10.0,archiwum_openmeteo
Longyearbyen_Svalbard_DEMO,2026-08-08,2026-08-08,0,3.5999999999999996,5.1,6.6,0.0,1010.0,10.0,prognoza
Longyearbyen_Svalbard_DEMO,2026-08-08,2026-08-08,0,3.5999999999999996,5.1,7.6,0.0,1010.0,10.0,archiwum_openmeteo
Longyearbyen_Svalbard_DEMO,2026-08-09,2026-08-08,1,1.0,2.5,4.0,0.0,1010.0,10.0,prognoza
Longyearbyen_Svalbard_DEMO,2026-08-09,2026-08-09,0,1.0,2.5,4.8,0.0,1010.0,10.0,archiwum_openmeteo
Longyearbyen_Svalbard_DEMO,2026-08-10,2026-08-08,2,2.5999999999999996,4.1,5.6,0.0,1010.0,10.0,prognoza
Longyearbyen_Svalbard_DEMO,2026-08-10,2026-08-10,0,2.5999999999999996,4.1,5.5,0.0,1010.0,10.0,archiwum_openmeteo
Longyearbyen_Svalbard_DEMO,2026-08-11,2026-08-08,3,1.7999999999999998,3.3,4.8,0.0,1010.0,10.0,prognoza
Longyearbyen_Svalbard_DEMO,2026-08-11,2026-08-11,0,1.7999999999999998,3.3,4.8,0.0,1010.0,10.0,archiwum_openmeteo
Longyearbyen_Svalbard_DEMO,2026-08-12,2026-08-08,4,2.3,3.8,5.3,0.0,1010.0,10.0,prognoza
Longyearbyen_Svalbard_DEMO,2026-08-12,2026-08-12,0,2.3,3.8,5.0,0.0,1010.0,10.0,archiwum_openmeteo
Longyearbyen_Svalbard_DEMO,2026-08-13,2026-08-08,5,2.4000000000000004,3.9000000000000004,5.4,0.0,1010.0,10.0,prognoza
Longyearbyen_Svalbard_DEMO,2026-08-13,2026-08-13,0,2.4000000000000004,3.9000000000000004,5.6,0.0,1010.0,10.0,archiwum_openmeteo
Longyearbyen_Svalbard_DEMO,2026-08-14,2026-08-08,6,1.7999999999999998,3.3,4.8,0.0,1010.0,10.0,prognoza
Longyearbyen_Svalbard_DEMO,2026-08-14,2026-08-14,0,1.7999999999999998,3.3,3.7,0.0,1010.0,10.0,archiwum_openmeteo
Longyearbyen_Svalbard_DEMO,2026-08-09,2026-08-09,0,2.5,4.0,5.5,0.0,1010.0,10.0,prognoza
Longyearbyen_Svalbard_DEMO,2026-08-09,2026-08-09,0,2.5,4.0,7.1,0.0,1010.0,10.0,archiwum_openmeteo
Longyearbyen_Svalbard_DEMO,2026-08-10,2026-08-09,1,3.5999999999999996,5.1,6.6,0.0,1010.0,10.0,prognoza
Longyearbyen_Svalbard_DEMO,2026-08-10,2026-08-10,0,3.5999999999999996,5.1,8.3,0.0,1010.0,10.0,archiwum_openmeteo
Longyearbyen_Svalbard_DEMO,2026-08-11,2026-08-09,2,1.9000000000000004,3.4000000000000004,4.9,0.0,1010.0,10.0,prognoza
Longyearbyen_Svalbard_DEMO,2026-08-11,2026-08-11,0,1.9000000000000004,3.4000000000000004,5.0,0.0,1010.0,10.0,archiwum_openmeteo
Longyearbyen_Svalbard_DEMO,2026-08-12,2026-08-09,3,1.5,3.0,4.5,0.0,1010.0,10.0,prognoza
Longyearbyen_Svalbard_DEMO,2026-08-12,2026-08-12,0,1.5,3.0,4.2,0.0,1010.0,10.0,archiwum_openmeteo
Longyearbyen_Svalbard_DEMO,2026-08-13,2026-08-09,4,3.3,4.8,6.3,0.0,1010.0,10.0,prognoza
Longyearbyen_Svalbard_DEMO,2026-08-13,2026-08-13,0,3.3,4.8,5.4,0.0,1010.0,10.0,archiwum_openmeteo
Longyearbyen_Svalbard_DEMO,2026-08-14,2026-08-09,5,2.5999999999999996,4.1,5.6,0.0,1010.0,10.0,prognoza
Longyearbyen_Svalbard_DEMO,2026-08-14,2026-08-14,0,2.5999999999999996,4.1,4.9,0.0,1010.0,10.0,archiwum_openmeteo
Longyearbyen_Svalbard_DEMO,2026-08-15,2026-08-09,6,1.0,2.5,4.0,0.0,1010.0,10.0,prognoza
Longyearbyen_Svalbard_DEMO,2026-08-15,2026-08-15,0,1.0,2.5,3.1,0.0,1010.0,10.0,archiwum_openmeteo
Longyearbyen_Svalbard_DEMO,2026-08-10,2026-08-10,0,3.8,5.3,6.8,0.0,1010.0,10.0,prognoza
Longyearbyen_Svalbard_DEMO,2026-08-10,2026-08-10,0,3.8,5.3,8.1,0.0,1010.0,10.0,archiwum_openmeteo
Longyearbyen_Svalbard_DEMO,2026-08-11,2026-08-10,1,3.5999999999999996,5.1,6.6,0.0,1010.0,10.0,prognoza
Longyearbyen_Svalbard_DEMO,2026-08-11,2026-08-11,0,3.5999999999999996,5.1,7.7,0.0,1010.0,10.0,archiwum_openmeteo
Longyearbyen_Svalbard_DEMO,2026-08-12,2026-08-10,2,1.2000000000000002,2.7,4.2,0.0,1010.0,10.0,prognoza
Longyearbyen_Svalbard_DEMO,2026-08-12,2026-08-12,0,1.2000000000000002,2.7,4.4,0.0,1010.0,10.0,archiwum_openmeteo
Longyearbyen_Svalbard_DEMO,2026-08-13,2026-08-10,3,3.5999999999999996,5.1,6.6,0.0,1010.0,10.0,prognoza
Longyearbyen_Svalbard_DEMO,2026-08-13,2026-08-13,0,3.5999999999999996,5.1,6.9,0.0,1010.0,10.0,archiwum_openmeteo
Longyearbyen_Svalbard_DEMO,2026-08-14,2026-08-10,4,2.5,4.0,5.5,0.0,1010.0,10.0,prognoza
Longyearbyen_Svalbard_DEMO,2026-08-14,2026-08-14,0,2.5,4.0,5.2,0.0,1010.0,10.0,archiwum_openmeteo
Longyearbyen_Svalbard_DEMO,2026-08-15,2026-08-10,5,1.2000000000000002,2.7,4.2,0.0,1010.0,10.0,prognoza
Longyearbyen_Svalbard_DEMO,2026-08-15,2026-08-15,0,1.2000000000000002,2.7,3.7,0.0,1010.0,10.0,archiwum_openmeteo
Longyearbyen_Svalbard_DEMO,2026-08-16,2026-08-10,6,1.4000000000000004,2.9000000000000004,4.4,0.0,1010.0,10.0,prognoza
Longyearbyen_Svalbard_DEMO,2026-08-16,2026-08-16,0,1.4000000000000004,2.9000000000000004,2.8,0.0,1010.0,10.0,archiwum_openmeteo
Longyearbyen_Svalbard_DEMO,2026-08-11,2026-08-11,0,2.4000000000000004,3.9000000000000004,5.4,0.0,1010.0,10.0,prognoza
Longyearbyen_Svalbard_DEMO,2026-08-11,2026-08-11,0,2.4000000000000004,3.9000000000000004,6.3,0.0,1010.0,10.0,archiwum_openmeteo
Longyearbyen_Svalbard_DEMO,2026-08-12,2026-08-11,1,3.5999999999999996,5.1,6.6,0.0,1010.0,10.0,prognoza
Longyearbyen_Svalbard_DEMO,2026-08-12,2026-08-12,0,3.5999999999999996,5.1,7.4,0.0,1010.0,10.0,archiwum_openmeteo
Longyearbyen_Svalbard_DEMO,2026-08-13,2026-08-11,2,2.3,3.8,5.3,0.0,1010.0,10.0,prognoza
Longyearbyen_Svalbard_DEMO,2026-08-13,2026-08-13,0,2.3,3.8,5.9,0.0,1010.0,10.0,archiwum_openmeteo
Longyearbyen_Svalbard_DEMO,2026-08-14,2026-08-11,3,3.2,4.7,6.2,0.0,1010.0,10.0,prognoza
Longyearbyen_Svalbard_DEMO,2026-08-14,2026-08-14,0,3.2,4.7,6.8,0.0,1010.0,10.0,archiwum_openmeteo
Longyearbyen_Svalbard_DEMO,2026-08-15,2026-08-11,4,1.5999999999999996,3.0999999999999996,4.6,0.0,1010.0,10.0,prognoza
Longyearbyen_Svalbard_DEMO,2026-08-15,2026-08-15,0,1.5999999999999996,3.0999999999999996,3.9,0.0,1010.0,10.0,archiwum_openmeteo
Longyearbyen_Svalbard_DEMO,2026-08-16,2026-08-11,5,2.9000000000000004,4.4,5.9,0.0,1010.0,10.0,prognoza
Longyearbyen_Svalbard_DEMO,2026-08-16,2026-08-16,0,2.9000000000000004,4.4,6.6,0.0,1010.0,10.0,archiwum_openmeteo
Longyearbyen_Svalbard_DEMO,2026-08-17,2026-08-11,6,2.3,3.8,5.3,0.0,1010.0,10.0,prognoza
Longyearbyen_Svalbard_DEMO,2026-08-17,2026-08-17,0,2.3,3.8,4.2,0.0,1010.0,10.0,archiwum_openmeteo
Longyearbyen_Svalbard_DEMO,2026-08-12,2026-08-12,0,1.7000000000000002,3.2,4.7,0.0,1010.0,10.0,prognoza
Longyearbyen_Svalbard_DEMO,2026-08-12,2026-08-12,0,1.7000000000000002,3.2,5.9,0.0,1010.0,10.0,archiwum_openmeteo
Longyearbyen_Svalbard_DEMO,2026-08-13,2026-08-12,1,2.0,3.5,5.0,0.0,1010.0,10.0,prognoza
Longyearbyen_Svalbard_DEMO,2026-08-13,2026-08-13,0,2.0,3.5,5.6,0.0,1010.0,10.0,archiwum_openmeteo
Longyearbyen_Svalbard_DEMO,2026-08-14,2026-08-12,2,1.7000000000000002,3.2,4.7,0.0,1010.0,10.0,prognoza
Longyearbyen_Svalbard_DEMO,2026-08-14,2026-08-14,0,1.7000000000000002,3.2,5.0,0.0,1010.0,10.0,archiwum_openmeteo
Longyearbyen_Svalbard_DEMO,2026-08-15,2026-08-12,3,1.2000000000000002,2.7,4.2,0.0,1010.0,10.0,prognoza
Longyearbyen_Svalbard_DEMO,2026-08-15,2026-08-15,0,1.2000000000000002,2.7,4.2,0.0,1010.0,10.0,archiwum_openmeteo
Longyearbyen_Svalbard_DEMO,2026-08-16,2026-08-12,4,3.7,5.2,6.7,0.0,1010.0,10.0,prognoza
Longyearbyen_Svalbard_DEMO,2026-08-16,2026-08-16,0,3.7,5.2,6.3,0.0,1010.0,10.0,archiwum_openmeteo
Longyearbyen_Svalbard_DEMO,2026-08-17,2026-08-12,5,3.5999999999999996,5.1,6.6,0.0,1010.0,10.0,prognoza
Longyearbyen_Svalbard_DEMO,2026-08-17,2026-08-17,0,3.5999999999999996,5.1,6.3,0.0,1010.0,10.0,archiwum_openmeteo
Longyearbyen_Svalbard_DEMO,2026-08-18,2026-08-12,6,3.0,4.5,6.0,0.0,1010.0,10.0,prognoza
Longyearbyen_Svalbard_DEMO,2026-08-18,2026-08-18,0,3.0,4.5,5.2,0.0,1010.0,10.0,archiwum_openmeteo
Longyearbyen_Svalbard_DEMO,2026-08-13,2026-08-13,0,1.5999999999999996,3.0999999999999996,4.6,0.0,1010.0,10.0,prognoza
Longyearbyen_Svalbard_DEMO,2026-08-13,2026-08-13,0,1.5999999999999996,3.0999999999999996,6.5,0.0,1010.0,10.0,archiwum_openmeteo
Longyearbyen_Svalbard_DEMO,2026-08-14,2026-08-13,1,2.7,4.2,5.7,0.0,1010.0,10.0,prognoza
Longyearbyen_Svalbard_DEMO,2026-08-14,2026-08-14,0,2.7,4.2,7.3,0.0,1010.0,10.0,archiwum_openmeteo
Longyearbyen_Svalbard_DEMO,2026-08-15,2026-08-13,2,2.4000000000000004,3.9000000000000004,5.4,0.0,1010.0,10.0,prognoza
Longyearbyen_Svalbard_DEMO,2026-08-15,2026-08-15,0,2.4000000000000004,3.9000000000000004,6.1,0.0,1010.0,10.0,archiwum_openmeteo
Longyearbyen_Svalbard_DEMO,2026-08-16,2026-08-13,3,1.5999999999999996,3.0999999999999996,4.6,0.0,1010.0,10.0,prognoza
Longyearbyen_Svalbard_DEMO,2026-08-16,2026-08-16,0,1.5999999999999996,3.0999999999999996,4.0,0.0,1010.0,10.0,archiwum_openmeteo
Longyearbyen_Svalbard_DEMO,2026-08-17,2026-08-13,4,1.2999999999999998,2.8,4.3,0.0,1010.0,10.0,prognoza
Longyearbyen_Svalbard_DEMO,2026-08-17,2026-08-17,0,1.2999999999999998,2.8,3.7,0.0,1010.0,10.0,archiwum_openmeteo
Longyearbyen_Svalbard_DEMO,2026-08-18,2026-08-13,5,2.4000000000000004,3.9000000000000004,5.4,0.0,1010.0,10.0,prognoza
Longyearbyen_Svalbard_DEMO,2026-08-18,2026-08-18,0,2.4000000000000004,3.9000000000000004,5.0,0.0,1010.0,10.0,archiwum_openmeteo
Longyearbyen_Svalbard_DEMO,2026-08-19,2026-08-13,6,3.2,4.7,6.2,0.0,1010.0,10.0,prognoza
Longyearbyen_Svalbard_DEMO,2026-08-19,2026-08-19,0,3.2,4.7,4.8,0.0,1010.0,10.0,archiwum_openmeteo
Longyearbyen_Svalbard_DEMO,2026-08-14,2026-08-14,0,1.2999999999999998,2.8,4.3,0.0,1010.0,10.0,prognoza
Longyearbyen_Svalbard_DEMO,2026-08-14,2026-08-14,0,1.2999999999999998,2.8,4.5,0.0,1010.0,10.0,archiwum_openmeteo
Longyearbyen_Svalbard_DEMO,2026-08-15,2026-08-14,1,2.2,3.7,5.2,0.0,1010.0,10.0,prognoza
Longyearbyen_Svalbard_DEMO,2026-08-15,2026-08-15,0,2.2,3.7,5.6,0.0,1010.0,10.0,archiwum_openmeteo
Longyearbyen_Svalbard_DEMO,2026-08-16,2026-08-14,2,1.7000000000000002,3.2,4.7,0.0,1010.0,10.0,prognoza
Longyearbyen_Svalbard_DEMO,2026-08-16,2026-08-16,0,1.7000000000000002,3.2,5.9,0.0,1010.0,10.0,archiwum_openmeteo
Longyearbyen_Svalbard_DEMO,2026-08-17,2026-08-14,3,1.5999999999999996,3.0999999999999996,4.6,0.0,1010.0,10.0,prognoza
Longyearbyen_Svalbard_DEMO,2026-08-17,2026-08-17,0,1.5999999999999996,3.0999999999999996,4.3,0.0,1010.0,10.0,archiwum_openmeteo
Longyearbyen_Svalbard_DEMO,2026-08-18,2026-08-14,4,1.7999999999999998,3.3,4.8,0.0,1010.0,10.0,prognoza
Longyearbyen_Svalbard_DEMO,2026-08-18,2026-08-18,0,1.7999999999999998,3.3,4.8,0.0,1010.0,10.0,archiwum_openmeteo
Longyearbyen_Svalbard_DEMO,2026-08-19,2026-08-14,5,1.7000000000000002,3.2,4.7,0.0,1010.0,10.0,prognoza
Longyearbyen_Svalbard_DEMO,2026-08-19,2026-08-19,0,1.7000000000000002,3.2,4.6,0.0,1010.0,10.0,archiwum_openmeteo
Longyearbyen_Svalbard_DEMO,2026-08-20,2026-08-14,6,3.5999999999999996,5.1,6.6,0.0,1010.0,10.0,prognoza
Longyearbyen_Svalbard_DEMO,2026-08-20,2026-08-20,0,3.5999999999999996,5.1,5.5,0.0,1010.0,10.0,archiwum_openmeteo
Longyearbyen_Svalbard_DEMO,2026-08-15,2026-08-15,0,2.7,4.2,5.7,0.0,1010.0,10.0,prognoza
Longyearbyen_Svalbard_DEMO,2026-08-15,2026-08-15,0,2.7,4.2,8.3,0.0,1010.0,10.0,archiwum_openmeteo
Longyearbyen_Svalbard_DEMO,2026-08-16,2026-08-15,1,3.5,5.0,6.5,0.0,1010.0,10.0,prognoza
Longyearbyen_Svalbard_DEMO,2026-08-16,2026-08-16,0,3.5,5.0,7.8,0.0,1010.0,10.0,archiwum_openmeteo
Longyearbyen_Svalbard_DEMO,2026-08-17,2026-08-15,2,3.9000000000000004,5.4,6.9,0.0,1010.0,10.0,prognoza
Longyearbyen_Svalbard_DEMO,2026-08-17,2026-08-17,0,3.9000000000000004,5.4,8.1,0.0,1010.0,10.0,archiwum_openmeteo
Longyearbyen_Svalbard_DEMO,2026-08-18,2026-08-15,3,1.5,3.0,4.5,0.0,1010.0,10.0,prognoza
Longyearbyen_Svalbard_DEMO,2026-08-18,2026-08-18,0,1.5,3.0,4.3,0.0,1010.0,10.0,archiwum_openmeteo
Longyearbyen_Svalbard_DEMO,2026-08-19,2026-08-15,4,2.5,4.0,5.5,0.0,1010.0,10.0,prognoza
Longyearbyen_Svalbard_DEMO,2026-08-19,2026-08-19,0,2.5,4.0,5.3,0.0,1010.0,10.0,archiwum_openmeteo
Longyearbyen_Svalbard_DEMO,2026-08-20,2026-08-15,5,1.2000000000000002,2.7,4.2,0.0,1010.0,10.0,prognoza
Longyearbyen_Svalbard_DEMO,2026-08-20,2026-08-20,0,1.2000000000000002,2.7,4.0,0.0,1010.0,10.0,archiwum_openmeteo
Longyearbyen_Svalbard_DEMO,2026-08-21,2026-08-15,6,2.0999999999999996,3.5999999999999996,5.1,0.0,1010.0,10.0,prognoza
Longyearbyen_Svalbard_DEMO,2026-08-21,2026-08-21,0,2.0999999999999996,3.5999999999999996,4.5,0.0,1010.0,10.0,archiwum_openmeteo
Longyearbyen_Svalbard_DEMO,2026-08-16,2026-08-16,0,3.4000000000000004,4.9,6.4,0.0,1010.0,10.0,prognoza
Longyearbyen_Svalbard_DEMO,2026-08-16,2026-08-16,0,3.4000000000000004,4.9,7.5,0.0,1010.0,10.0,archiwum_openmeteo
Longyearbyen_Svalbard_DEMO,2026-08-17,2026-08-16,1,2.4000000000000004,3.9000000000000004,5.4,0.0,1010.0,10.0,prognoza
Longyearbyen_Svalbard_DEMO,2026-08-17,2026-08-17,0,2.4000000000000004,3.9000000000000004,5.3,0.0,1010.0,10.0,archiwum_openmeteo
Longyearbyen_Svalbard_DEMO,2026-08-18,2026-08-16,2,4.0,5.5,7.0,0.0,1010.0,10.0,prognoza
Longyearbyen_Svalbard_DEMO,2026-08-18,2026-08-18,0,4.0,5.5,8.0,0.0,1010.0,10.0,archiwum_openmeteo
Longyearbyen_Svalbard_DEMO,2026-08-19,2026-08-16,3,2.7,4.2,5.7,0.0,1010.0,10.0,prognoza
Longyearbyen_Svalbard_DEMO,2026-08-19,2026-08-19,0,2.7,4.2,5.8,0.0,1010.0,10.0,archiwum_openmeteo
Longyearbyen_Svalbard_DEMO,2026-08-20,2026-08-16,4,1.9000000000000004,3.4000000000000004,4.9,0.0,1010.0,10.0,prognoza
Longyearbyen_Svalbard_DEMO,2026-08-20,2026-08-20,0,1.9000000000000004,3.4000000000000004,4.5,0.0,1010.0,10.0,archiwum_openmeteo
Longyearbyen_Svalbard_DEMO,2026-08-21,2026-08-16,5,3.9000000000000004,5.4,6.9,0.0,1010.0,10.0,prognoza
Longyearbyen_Svalbard_DEMO,2026-08-21,2026-08-21,0,3.9000000000000004,5.4,5.9,0.0,1010.0,10.0,archiwum_openmeteo
Longyearbyen_Svalbard_DEMO,2026-08-22,2026-08-16,6,3.2,4.7,6.2,0.0,1010.0,10.0,prognoza
Longyearbyen_Svalbard_DEMO,2026-08-22,2026-08-22,0,3.2,4.7,5.1,0.0,1010.0,10.0,archiwum_openmeteo
Longyearbyen_Svalbard_DEMO,2026-08-17,2026-08-17,0,1.2000000000000002,2.7,4.2,0.0,1010.0,10.0,prognoza
Longyearbyen_Svalbard_DEMO,2026-08-17,2026-08-17,0,1.2000000000000002,2.7,5.0,0.0,1010.0,10.0,archiwum_openmeteo
Longyearbyen_Svalbard_DEMO,2026-08-18,2026-08-17,1,3.5999999999999996,5.1,6.6,0.0,1010.0,10.0,prognoza
Longyearbyen_Svalbard_DEMO,2026-08-18,2026-08-18,0,3.5999999999999996,5.1,7.2,0.0,1010.0,10.0,archiwum_openmeteo
Longyearbyen_Svalbard_DEMO,2026-08-19,2026-08-17,2,1.5,3.0,4.5,0.0,1010.0,10.0,prognoza
Longyearbyen_Svalbard_DEMO,2026-08-19,2026-08-19,0,1.5,3.0,5.1,0.0,1010.0,10.0,archiwum_openmeteo
Longyearbyen_Svalbard_DEMO,2026-08-20,2026-08-17,3,1.5999999999999996,3.0999999999999996,4.6,0.0,1010.0,10.0,prognoza
Longyearbyen_Svalbard_DEMO,2026-08-20,2026-08-20,0,1.5999999999999996,3.0999999999999996,4.7,0.0,1010.0,10.0,archiwum_openmeteo
Longyearbyen_Svalbard_DEMO,2026-08-21,2026-08-17,4,2.8,4.3,5.8,0.0,1010.0,10.0,prognoza
Longyearbyen_Svalbard_DEMO,2026-08-21,2026-08-21,0,2.8,4.3,5.5,0.0,1010.0,10.0,archiwum_openmeteo
Longyearbyen_Svalbard_DEMO,2026-08-22,2026-08-17,5,1.4000000000000004,2.9000000000000004,4.4,0.0,1010.0,10.0,prognoza
Longyearbyen_Svalbard_DEMO,2026-08-22,2026-08-22,0,1.4000000000000004,2.9000000000000004,3.5,0.0,1010.0,10.0,archiwum_openmeteo
Longyearbyen_Svalbard_DEMO,2026-08-23,2026-08-17,6,3.7,5.2,6.7,0.0,1010.0,10.0,prognoza
Longyearbyen_Svalbard_DEMO,2026-08-23,2026-08-23,0,3.7,5.2,5.8,0.0,1010.0,10.0,archiwum_openmeteo
Longyearbyen_Svalbard_DEMO,2026-08-18,2026-08-18,0,2.9000000000000004,4.4,5.9,0.0,1010.0,10.0,prognoza
Longyearbyen_Svalbard_DEMO,2026-08-18,2026-08-18,0,2.9000000000000004,4.4,7.6,0.0,1010.0,10.0,archiwum_openmeteo
Longyearbyen_Svalbard_DEMO,2026-08-19,2026-08-18,1,2.3,3.8,5.3,0.0,1010.0,10.0,prognoza
Longyearbyen_Svalbard_DEMO,2026-08-19,2026-08-19,0,2.3,3.8,5.7,0.0,1010.0,10.0,archiwum_openmeteo
Longyearbyen_Svalbard_DEMO,2026-08-20,2026-08-18,2,3.8,5.3,6.8,0.0,1010.0,10.0,prognoza
Longyearbyen_Svalbard_DEMO,2026-08-20,2026-08-20,0,3.8,5.3,7.1,0.0,1010.0,10.0,archiwum_openmeteo
Longyearbyen_Svalbard_DEMO,2026-08-21,2026-08-18,3,1.5999999999999996,3.0999999999999996,4.6,0.0,1010.0,10.0,prognoza
Longyearbyen_Svalbard_DEMO,2026-08-21,2026-08-21,0,1.5999999999999996,3.0999999999999996,4.7,0.0,1010.0,10.0,archiwum_openmeteo
Longyearbyen_Svalbard_DEMO,2026-08-22,2026-08-18,4,2.2,3.7,5.2,0.0,1010.0,10.0,prognoza
Longyearbyen_Svalbard_DEMO,2026-08-22,2026-08-22,0,2.2,3.7,4.7,0.0,1010.0,10.0,archiwum_openmeteo
Longyearbyen_Svalbard_DEMO,2026-08-23,2026-08-18,5,3.0,4.5,6.0,0.0,1010.0,10.0,prognoza
Longyearbyen_Svalbard_DEMO,2026-08-23,2026-08-23,0,3.0,4.5,5.4,0.0,1010.0,10.0,archiwum_openmeteo
Longyearbyen_Svalbard_DEMO,2026-08-24,2026-08-18,6,3.3,4.8,6.3,0.0,1010.0,10.0,prognoza
Longyearbyen_Svalbard_DEMO,2026-08-24,2026-08-24,0,3.3,4.8,5.7,0.0,1010.0,10.0,archiwum_openmeteo
Longyearbyen_Svalbard_DEMO,2026-08-19,2026-08-19,0,1.2000000000000002,2.7,4.2,0.0,1010.0,10.0,prognoza
Longyearbyen_Svalbard_DEMO,2026-08-19,2026-08-19,0,1.2000000000000002,2.7,4.0,0.0,1010.0,10.0,archiwum_openmeteo
Longyearbyen_Svalbard_DEMO,2026-08-20,2026-08-19,1,4.0,5.5,7.0,0.0,1010.0,10.0,prognoza
Longyearbyen_Svalbard_DEMO,2026-08-20,2026-08-20,0,4.0,5.5,8.2,0.0,1010.0,10.0,archiwum_openmeteo
Longyearbyen_Svalbard_DEMO,2026-08-21,2026-08-19,2,1.2000000000000002,2.7,4.2,0.0,1010.0,10.0,prognoza
Longyearbyen_Svalbard_DEMO,2026-08-21,2026-08-21,0,1.2000000000000002,2.7,4.8,0.0,1010.0,10.0,archiwum_openmeteo
Longyearbyen_Svalbard_DEMO,2026-08-22,2026-08-19,3,3.8,5.3,6.8,0.0,1010.0,10.0,prognoza
Longyearbyen_Svalbard_DEMO,2026-08-22,2026-08-22,0,3.8,5.3,7.3,0.0,1010.0,10.0,archiwum_openmeteo
Longyearbyen_Svalbard_DEMO,2026-08-23,2026-08-19,4,3.5999999999999996,5.1,6.6,0.0,1010.0,10.0,prognoza
Longyearbyen_Svalbard_DEMO,2026-08-23,2026-08-23,0,3.5999999999999996,5.1,6.7,0.0,1010.0,10.0,archiwum_openmeteo
Longyearbyen_Svalbard_DEMO,2026-08-24,2026-08-19,5,1.5,3.0,4.5,0.0,1010.0,10.0,prognoza
Longyearbyen_Svalbard_DEMO,2026-08-24,2026-08-24,0,1.5,3.0,3.7,0.0,1010.0,10.0,archiwum_openmeteo
Longyearbyen_Svalbard_DEMO,2026-08-25,2026-08-19,6,3.5,5.0,6.5,0.0,1010.0,10.0,prognoza
Longyearbyen_Svalbard_DEMO,2026-08-25,2026-08-25,0,3.5,5.0,5.4,0.0,1010.0,10.0,archiwum_openmeteo
Longyearbyen_Svalbard_DEMO,2026-08-20,2026-08-20,0,4.0,5.5,7.0,0.0,1010.0,10.0,prognoza
Longyearbyen_Svalbard_DEMO,2026-08-20,2026-08-20,0,4.0,5.5,7.6,0.0,1010.0,10.0,archiwum_openmeteo
Longyearbyen_Svalbard_DEMO,2026-08-21,2026-08-20,1,3.0,4.5,6.0,0.0,1010.0,10.0,prognoza
Longyearbyen_Svalbard_DEMO,2026-08-21,2026-08-21,0,3.0,4.5,7.5,0.0,1010.0,10.0,archiwum_openmeteo
Longyearbyen_Svalbard_DEMO,2026-08-22,2026-08-20,2,1.9000000000000004,3.4000000000000004,4.9,0.0,1010.0,10.0,prognoza
Longyearbyen_Svalbard_DEMO,2026-08-22,2026-08-22,0,1.9000000000000004,3.4000000000000004,5.4,0.0,1010.0,10.0,archiwum_openmeteo
Longyearbyen_Svalbard_DEMO,2026-08-23,2026-08-20,3,3.0,4.5,6.0,0.0,1010.0,10.0,prognoza
Longyearbyen_Svalbard_DEMO,2026-08-23,2026-08-23,0,3.0,4.5,6.3,0.0,1010.0,10.0,archiwum_openmeteo
Longyearbyen_Svalbard_DEMO,2026-08-24,2026-08-20,4,1.2999999999999998,2.8,4.3,0.0,1010.0,10.0,prognoza
Longyearbyen_Svalbard_DEMO,2026-08-24,2026-08-24,0,1.2999999999999998,2.8,4.1,0.0,1010.0,10.0,archiwum_openmeteo
Longyearbyen_Svalbard_DEMO,2026-08-25,2026-08-20,5,1.2999999999999998,2.8,4.3,0.0,1010.0,10.0,prognoza
Longyearbyen_Svalbard_DEMO,2026-08-25,2026-08-25,0,1.2999999999999998,2.8,3.5,0.0,1010.0,10.0,archiwum_openmeteo
Longyearbyen_Svalbard_DEMO,2026-08-26,2026-08-20,6,2.8,4.3,5.8,0.0,1010.0,10.0,prognoza
Longyearbyen_Svalbard_DEMO,2026-08-26,2026-08-26,0,2.8,4.3,4.8,0.0,1010.0,10.0,archiwum_openmeteo
Longyearbyen_Svalbard_DEMO,2026-08-21,2026-08-21,0,3.2,4.7,6.2,0.0,1010.0,10.0,prognoza
Longyearbyen_Svalbard_DEMO,2026-08-21,2026-08-21,0,3.2,4.7,7.5,0.0,1010.0,10.0,archiwum_openmeteo
Longyearbyen_Svalbard_DEMO,2026-08-22,2026-08-21,1,1.7999999999999998,3.3,4.8,0.0,1010.0,10.0,prognoza
Longyearbyen_Svalbard_DEMO,2026-08-22,2026-08-22,0,1.7999999999999998,3.3,6.2,0.0,1010.0,10.0,archiwum_openmeteo
Longyearbyen_Svalbard_DEMO,2026-08-23,2026-08-21,2,2.5,4.0,5.5,0.0,1010.0,10.0,prognoza
Longyearbyen_Svalbard_DEMO,2026-08-23,2026-08-23,0,2.5,4.0,6.6,0.0,1010.0,10.0,archiwum_openmeteo
Longyearbyen_Svalbard_DEMO,2026-08-24,2026-08-21,3,1.2999999999999998,2.8,4.3,0.0,1010.0,10.0,prognoza
Longyearbyen_Svalbard_DEMO,2026-08-24,2026-08-24,0,1.2999999999999998,2.8,4.0,0.0,1010.0,10.0,archiwum_openmeteo
Longyearbyen_Svalbard_DEMO,2026-08-25,2026-08-21,4,2.3,3.8,5.3,0.0,1010.0,10.0,prognoza
Longyearbyen_Svalbard_DEMO,2026-08-25,2026-08-25,0,2.3,3.8,5.1,0.0,1010.0,10.0,archiwum_openmeteo
Longyearbyen_Svalbard_DEMO,2026-08-26,2026-08-21,5,3.3,4.8,6.3,0.0,1010.0,10.0,prognoza
Longyearbyen_Svalbard_DEMO,2026-08-26,2026-08-26,0,3.3,4.8,5.8,0.0,1010.0,10.0,archiwum_openmeteo
Longyearbyen_Svalbard_DEMO,2026-08-27,2026-08-21,6,2.9000000000000004,4.4,5.9,0.0,1010.0,10.0,prognoza
Longyearbyen_Svalbard_DEMO,2026-08-27,2026-08-27,0,2.9000000000000004,4.4,5.0,0.0,1010.0,10.0,archiwum_openmeteo
